Title,Year,Rating,Runtime,Link,Image
The Shawshank Redemption,1994,9.3,2h 22m,/title/tt0111161/?ref_=chttp_t_1,"https://m.media-amazon.com/images/M/MV5BNDE3ODcxYzMtY2YzZC00NmNlLWJiNDMtZDViZWM2MzIxZDYwXkEyXkFqcGdeQXVyNjAwNDUxODI@._V1_QL75_UX140_CR0,1,140,207_.jpg"
The Godfather,1972,9.2,2h 55m,/title/tt0068646/?ref_=chttp_t_2,"https://m.media-amazon.com/images/M/MV5BM2MyNjYxNmUtYTAwNi00MTYxLWJmNWYtYzZlODY3ZTk3OTFlXkEyXkFqcGdeQXVyNzkwMjQ5NzM@._V1_QL75_UY207_CR3,0,140,207_.jpg"
The Dark Knight,2008,9.0,2h 32m,/title/tt0468569/?ref_=chttp_t_3,"https://m.media-amazon.com/images/M/MV5BMTMxNTMwODM0NF5BMl5BanBnXkFtZTcwODAyMTk2Mw@@._V1_QL75_UX140_CR0,0,140,207_.jpg"
The Godfather Part II,1974,9.0,3h 22m,/title/tt0071562/?ref_=chttp_t_4,"https://m.media-amazon.com/images/M/MV5BMWMwMGQzZTItY2JlNC00OWZiLWIyMDctNDk2ZDQ2YjRjMWQ0XkEyXkFqcGdeQXVyNzkwMjQ5NzM@._V1_QL75_UY207_CR3,0,140,207_.jpg"
12 Angry Men,1957,9.0,1h 36m,/title/tt0050083/?ref_=chttp_t_5,"https://m.media-amazon.com/images/M/MV5BMWU4N2FjNzYtNTVkNC00NzQ0LTg0MjAtYTJlMjFhNGUxZDFmXkEyXkFqcGdeQXVyNjc1NTYyMjg@._V1_QL75_UX140_CR0,4,140,207_.jpg"
Schindler's List,1993,9.0,3h 15m,/title/tt0108052/?ref_=chttp_t_6,"https://m.media-amazon.com/images/M/MV5BNDE4OTMxMTctNmRhYy00NWE2LTg3YzItYTk3M2UwOTU5Njg4XkEyXkFqcGdeQXVyNjU0OTQ0OTY@._V1_QL75_UX140_CR0,1,140,207_.jpg"
The Lord of the Rings: The Return of the King,2003,9.0,3h 21m,/title/tt0167260/?ref_=chttp_t_7,"https://m.media-amazon.com/images/M/MV5BNzA5ZDNlZWMtM2NhNS00NDJjLTk4NDItYTRmY2EwMWZlMTY3XkEyXkFqcGdeQXVyNzkwMjQ5NzM@._V1_QL75_UX140_CR0,0,140,207_.jpg"
Pulp Fiction,1994,8.9,2h 34m,/title/tt0110912/?ref_=chttp_t_8,"https://m.media-amazon.com/images/M/MV5BNGNhMDIzZTUtNTBlZi00MTRlLWFjM2ItYzViMjE3YzI5MjljXkEyXkFqcGdeQXVyNzkwMjQ5NzM@._V1_QL75_UY207_CR1,0,140,207_.jpg"
The Lord of the Rings: The Fellowship of the Ring,2001,8.9,2h 58m,/title/tt0120737/?ref_=chttp_t_9,"https://m.media-amazon.com/images/M/MV5BN2EyZjM3NzUtNWUzMi00MTgxLWI0NTctMzY4M2VlOTdjZWRiXkEyXkFqcGdeQXVyNDUzOTQ5MjY@._V1_QL75_UX140_CR0,0,140,207_.jpg"
" Il buono, il brutto, il cattivo",1966,8.8,2h 41m,/title/tt0060196/?ref_=chttp_t_10,"https://m.media-amazon.com/images/M/MV5BNjJlYmNkZGItM2NhYy00MjlmLTk5NmQtNjg1NmM2ODU4OTMwXkEyXkFqcGdeQXVyMjUzOTY1NTc@._V1_QL75_UX140_CR0,1,140,207_.jpg"
 Forrest Gump,1994,8.8,2h 22m,/title/tt0109830/?ref_=chttp_t_11,"https://m.media-amazon.com/images/M/MV5BNWIwODRlZTUtY2U3ZS00Yzg1LWJhNzYtMmZiYmEyNmU1NjMzXkEyXkFqcGdeQXVyMTQxNzMzNDI@._V1_QL75_UY207_CR2,0,140,207_.jpg"
 The Lord of the Rings: The Two Towers,2002,8.8,2h 59m,/title/tt0167261/?ref_=chttp_t_12,"https://m.media-amazon.com/images/M/MV5BZGMxZTdjZmYtMmE2Ni00ZTdkLWI5NTgtNjlmMjBiNzU2MmI5XkEyXkFqcGdeQXVyNjU0OTQ0OTY@._V1_QL75_UX140_CR0,5,140,207_.jpg"
 Fight Club,1999,8.8,2h 19m,/title/tt0137523/?ref_=chttp_t_13,"https://m.media-amazon.com/images/M/MV5BMmEzNTkxYjQtZTc0MC00YTVjLTg5ZTEtZWMwOWVlYzY0NWIwXkEyXkFqcGdeQXVyNzkwMjQ5NzM@._V1_QL75_UX140_CR0,1,140,207_.jpg"
 Inception,2010,8.8,2h 28m,/title/tt1375666/?ref_=chttp_t_14,"https://m.media-amazon.com/images/M/MV5BMjAxMzY3NjcxNF5BMl5BanBnXkFtZTcwNTI5OTM0Mw@@._V1_QL75_UX140_CR0,0,140,207_.jpg"
 Star Wars: Episode V - The Empire Strikes Back,1980,8.7,2h 4m,/title/tt0080684/?ref_=chttp_t_15,"https://m.media-amazon.com/images/M/MV5BYmU1NDRjNDgtMzhiMi00NjZmLTg5NGItZDNiZjU5NTU4OTE0XkEyXkFqcGdeQXVyNzkwMjQ5NzM@._V1_QL75_UX140_CR0,5,140,207_.jpg"
 The Matrix,1999,8.7,2h 16m,/title/tt0133093/?ref_=chttp_t_16,"https://m.media-amazon.com/images/M/MV5BNzQzOTk3OTAtNDQ0Zi00ZTVkLWI0MTEtMDllZjNkYzNjNTc4L2ltYWdlXkEyXkFqcGdeQXVyNjU0OTQ0OTY@._V1_QL75_UX140_CR0,1,140,207_.jpg"
 Goodfellas,1990,8.7,2h 25m,/title/tt0099685/?ref_=chttp_t_17,"https://m.media-amazon.com/images/M/MV5BY2NkZjEzMDgtN2RjYy00YzM1LWI4ZmQtMjIwYjFjNmI3ZGEwXkEyXkFqcGdeQXVyNzkwMjQ5NzM@._V1_QL75_UX140_CR0,1,140,207_.jpg"
 One Flew Over the Cuckoo's Nest,1975,8.7,2h 13m,/title/tt0073486/?ref_=chttp_t_18,"https://m.media-amazon.com/images/M/MV5BZjA0OWVhOTAtYWQxNi00YzNhLWI4ZjYtNjFjZTEyYjJlNDVlL2ltYWdlL2ltYWdlXkEyXkFqcGdeQXVyMTQxNzMzNDI@._V1_QL75_UX140_CR0,0,140,207_.jpg"
 Se7en,1995,8.6,2h 7m,/title/tt0114369/?ref_=chttp_t_19,"https://m.media-amazon.com/images/M/MV5BOTUwODM5MTctZjczMi00OTk4LTg3NWUtNmVhMTAzNTNjYjcyXkEyXkFqcGdeQXVyNjU0OTQ0OTY@._V1_QL75_UX140_CR0,6,140,207_.jpg"
 It's a Wonderful Life,1946,8.6,2h 10m,/title/tt0038650/?ref_=chttp_t_20,"https://m.media-amazon.com/images/M/MV5BZjc4NDZhZWMtNGEzYS00ZWU2LThlM2ItNTA0YzQ0OTExMTE2XkEyXkFqcGdeQXVyNjUwMzI2NzU@._V1_QL75_UY207_CR1,0,140,207_.jpg"
 Interstellar,2014,8.7,2h 49m,/title/tt0816692/?ref_=chttp_t_21,"https://m.media-amazon.com/images/M/MV5BZjdkOTU3MDktN2IxOS00OGEyLWFmMjktY2FiMmZkNWIyODZiXkEyXkFqcGdeQXVyMTMxODk2OTU@._V1_QL75_UX140_CR0,0,140,207_.jpg"
 Shichinin no samurai,1954,8.6,3h 27m,/title/tt0047478/?ref_=chttp_t_22,"https://m.media-amazon.com/images/M/MV5BNTkwY2I5NWMtMjNlNi00ZThjLWI4NzQtNDI4M2I4OGM1YjAzXkEyXkFqcGdeQXVyNzYxODE3NTQ@._V1_QL75_UY207_CR3,0,140,207_.jpg"
 The Silence of the Lambs,1991,8.6,1h 58m,/title/tt0102926/?ref_=chttp_t_23,"https://m.media-amazon.com/images/M/MV5BNjNhZTk0ZmEtNjJhMi00YzFlLWE1MmEtYzM1M2ZmMGMwMTU4XkEyXkFqcGdeQXVyNjU0OTQ0OTY@._V1_QL75_UY207_CR0,0,140,207_.jpg"
 Saving Private Ryan,1998,8.6,2h 49m,/title/tt0120815/?ref_=chttp_t_24,"https://m.media-amazon.com/images/M/MV5BZjhkMDM4MWItZTVjOC00ZDRhLThmYTAtM2I5NzBmNmNlMzI1XkEyXkFqcGdeQXVyNDYyMDk5MTU@._V1_QL75_UY207_CR1,0,140,207_.jpg"
 Cidade de Deus,2002,8.6,2h 10m,/title/tt0317248/?ref_=chttp_t_25,"https://m.media-amazon.com/images/M/MV5BMGU5OWEwZDItNmNkMC00NzZmLTk1YTctNzVhZTJjM2NlZTVmXkEyXkFqcGdeQXVyMTMxODk2OTU@._V1_QL75_UY207_CR0,0,140,207_.jpg"
 La vita è bella,1997,8.6,1h 56m,/title/tt0118799/?ref_=chttp_t_26,"https://m.media-amazon.com/images/M/MV5BYmJmM2Q4NmMtYThmNC00ZjRlLWEyZmItZTIwOTBlZDQ3NTQ1XkEyXkFqcGdeQXVyMTQxNzMzNDI@._V1_QL75_UX140_CR0,1,140,207_.jpg"
 The Green Mile,1999,8.6,3h 9m,/title/tt0120689/?ref_=chttp_t_27,"https://m.media-amazon.com/images/M/MV5BMTUxMzQyNjA5MF5BMl5BanBnXkFtZTYwOTU2NTY3._V1_QL75_UX140_CR0,0,140,207_.jpg"
 Terminator 2: Judgment Day,1991,8.6,2h 17m,/title/tt0103064/?ref_=chttp_t_28,"https://m.media-amazon.com/images/M/MV5BMGU2NzRmZjUtOGUxYS00ZjdjLWEwZWItY2NlM2JhNjkxNTFmXkEyXkFqcGdeQXVyNjU0OTQ0OTY@._V1_QL75_UX140_CR0,0,140,207_.jpg"
 Star Wars,1977,8.6,2h 1m,/title/tt0076759/?ref_=chttp_t_29,"https://m.media-amazon.com/images/M/MV5BOTA5NjhiOTAtZWM0ZC00MWNhLThiMzEtZDFkOTk2OTU1ZDJkXkEyXkFqcGdeQXVyMTA4NDI1NTQx._V1_QL75_UX140_CR0,3,140,207_.jpg"
 Dune: Part Two,2024,9.1,2h 46m,/title/tt15239678/?ref_=chttp_t_30,"https://m.media-amazon.com/images/M/MV5BODdjMjM3NGQtZDA5OC00NGE4LWIyZDQtZjYwOGZlMTM5ZTQ1XkEyXkFqcGdeQXVyODE5NzE3OTE@._V1_QL75_UY207_CR1,0,140,207_.jpg"
 Back to the Future,1985,8.5,1h 56m,/title/tt0088763/?ref_=chttp_t_31,"https://m.media-amazon.com/images/M/MV5BZmU0M2Y1OGUtZjIxNi00ZjBkLTg1MjgtOWIyNThiZWIwYjRiXkEyXkFqcGdeQXVyMTQxNzMzNDI@._V1_QL75_UX140_CR0,5,140,207_.jpg"
 Sen to Chihiro no kamikakushi,2001,8.6,2h 5m,/title/tt0245429/?ref_=chttp_t_32,"https://m.media-amazon.com/images/M/MV5BMjlmZmI5MDctNDE2YS00YWE0LWE5ZWItZDBhYWQ0NTcxNWRhXkEyXkFqcGdeQXVyMTMxODk2OTU@._V1_QL75_UX140_CR0,0,140,207_.jpg"
 The Pianist,2002,8.5,2h 30m,/title/tt0253474/?ref_=chttp_t_33,"https://m.media-amazon.com/images/M/MV5BOWRiZDIxZjktMTA1NC00MDQ2LWEzMjUtMTliZmY3NjQ3ODJiXkEyXkFqcGdeQXVyNjU0OTQ0OTY@._V1_QL75_UY207_CR5,0,140,207_.jpg"
 Spider-Man: Across the Spider-Verse,2023,8.6,2h 20m,/title/tt9362722/?ref_=chttp_t_34,"https://m.media-amazon.com/images/M/MV5BMzI0NmVkMjEtYmY4MS00ZDMxLTlkZmEtMzU4MDQxYTMzMjU2XkEyXkFqcGdeQXVyMzQ0MzA0NTM@._V1_QL75_UX140_CR0,0,140,207_.jpg"
 Gisaengchung,2019,8.5,2h 12m,/title/tt6751668/?ref_=chttp_t_35,"https://m.media-amazon.com/images/M/MV5BYWZjMjk3ZTItODQ2ZC00NTY5LWE0ZDYtZTI3MjcwN2Q5NTVkXkEyXkFqcGdeQXVyODk4OTc3MTY@._V1_QL75_UX140_CR0,0,140,207_.jpg"
 Psycho,1960,8.5,1h 49m,/title/tt0054215/?ref_=chttp_t_36,"https://m.media-amazon.com/images/M/MV5BNTQwNDM1YzItNDAxZC00NWY2LTk0M2UtNDIwNWI5OGUyNWUxXkEyXkFqcGdeQXVyNzkwMjQ5NzM@._V1_QL75_UX140_CR0,0,140,207_.jpg"
 Gladiator,2000,8.5,2h 35m,/title/tt0172495/?ref_=chttp_t_37,"https://m.media-amazon.com/images/M/MV5BMDliMmNhNDEtODUyOS00MjNlLTgxODEtN2U3NzIxMGVkZTA1L2ltYWdlXkEyXkFqcGdeQXVyNjU0OTQ0OTY@._V1_QL75_UX140_CR0,0,140,207_.jpg"
 The Lion King,1994,8.5,1h 28m,/title/tt0110357/?ref_=chttp_t_38,"https://m.media-amazon.com/images/M/MV5BYTYxNGMyZTYtMjE3MS00MzNjLWFjNmYtMDk3N2FmM2JiM2M1XkEyXkFqcGdeQXVyNjY5NDU4NzI@._V1_QL75_UX140_CR0,0,140,207_.jpg"
 Léon,1994,8.5,1h 50m,/title/tt0110413/?ref_=chttp_t_39,"https://m.media-amazon.com/images/M/MV5BOTgyMWQ0ZWUtN2Q2MS00NmY0LWI3OWMtNjFkMzZlNDZjNTk0XkEyXkFqcGdeQXVyMjUzOTY1NTc@._V1_QL75_UX140_CR0,1,140,207_.jpg"
 The Departed,2006,8.5,2h 31m,/title/tt0407887/?ref_=chttp_t_40,"https://m.media-amazon.com/images/M/MV5BMTI1MTY2OTIxNV5BMl5BanBnXkFtZTYwNjQ4NjY3._V1_QL75_UY207_CR0,0,140,207_.jpg"
 American History X,1998,8.5,1h 59m,/title/tt0120586/?ref_=chttp_t_41,"https://m.media-amazon.com/images/M/MV5BZTJhN2FkYWEtMGI0My00YWM4LWI2MjAtM2UwNjY4MTI2ZTQyXkEyXkFqcGdeQXVyNjc3MjQzNTI@._V1_QL75_UX140_CR0,0,140,207_.jpg"
 Whiplash,2014,8.5,1h 46m,/title/tt2582802/?ref_=chttp_t_42,"https://m.media-amazon.com/images/M/MV5BOTA5NDZlZGUtMjAxOS00YTRkLTkwYmMtYWQ0NWEwZDZiNjEzXkEyXkFqcGdeQXVyMTMxODk2OTU@._V1_QL75_UX140_CR0,0,140,207_.jpg"
 The Prestige,2006,8.5,2h 10m,/title/tt0482571/?ref_=chttp_t_43,"https://m.media-amazon.com/images/M/MV5BMjA4NDI0MTIxNF5BMl5BanBnXkFtZTYwNTM0MzY2._V1_QL75_UX140_CR0,0,140,207_.jpg"
 Hotaru no haka,1988,8.5,1h 29m,/title/tt0095327/?ref_=chttp_t_44,"https://m.media-amazon.com/images/M/MV5BZmY2NjUzNDQtNTgxNC00M2Q4LTljOWQtMjNjNDBjNWUxNmJlXkEyXkFqcGdeQXVyNTA4NzY1MzY@._V1_QL75_UX140_CR0,1,140,207_.jpg"
 Seppuku,1962,8.6,2h 13m,/title/tt0056058/?ref_=chttp_t_45,"https://m.media-amazon.com/images/M/MV5BM2FiMzJiMTYtY2RiNS00Y2ExLWJkMTYtNzJhMmZmMDlhMDQzXkEyXkFqcGdeQXVyNDI3NjU1NzQ@._V1_QL75_UY207_CR2,0,140,207_.jpg"
 The Usual Suspects,1995,8.5,1h 46m,/title/tt0114814/?ref_=chttp_t_46,"https://m.media-amazon.com/images/M/MV5BYTViNjMyNmUtNDFkNC00ZDRlLThmMDUtZDU2YWE4NGI2ZjVmXkEyXkFqcGdeQXVyNjU0OTQ0OTY@._V1_QL75_UX140_CR0,1,140,207_.jpg"
 Casablanca,1942,8.5,1h 42m,/title/tt0034583/?ref_=chttp_t_47,"https://m.media-amazon.com/images/M/MV5BY2IzZGY2YmEtYzljNS00NTM5LTgwMzUtMzM1NjQ4NGI0OTk0XkEyXkFqcGdeQXVyNDYyMDk5MTU@._V1_QL75_UX140_CR0,2,140,207_.jpg"
 Intouchables,2011,8.5,1h 52m,/title/tt1675434/?ref_=chttp_t_48,"https://m.media-amazon.com/images/M/MV5BMTYxNDA3MDQwNl5BMl5BanBnXkFtZTcwNTU4Mzc1Nw@@._V1_QL75_UX140_CR0,0,140,207_.jpg"
 Nuovo Cinema Paradiso,1988,8.5,2h 54m,/title/tt0095765/?ref_=chttp_t_49,"https://m.media-amazon.com/images/M/MV5BM2FhYjEyYmYtMDI1Yy00YTdlLWI2NWQtYmEzNzAxOGY1NjY2XkEyXkFqcGdeQXVyNTA3NTIyNDg@._V1_QL75_UX140_CR0,0,140,207_.jpg"
 Modern Times,1936,8.5,1h 27m,/title/tt0027977/?ref_=chttp_t_50,"https://m.media-amazon.com/images/M/MV5BM2VlMjY3N2UtN2ZjNC00MDg4LWI3ZGQtZmE4NjZkZjkwZmYzXkEyXkFqcGdeQXVyMTU3NDU4MDg2._V1_QL75_UX140_CR0,0,140,207_.jpg"
 Rear Window,1954,8.5,1h 52m,/title/tt0047396/?ref_=chttp_t_51,"https://m.media-amazon.com/images/M/MV5BNGUxYWM3M2MtMGM3Mi00ZmRiLWE0NGQtZjE5ODI2OTJhNTU0XkEyXkFqcGdeQXVyMTQxNzMzNDI@._V1_QL75_UY207_CR1,0,140,207_.jpg"
 C'era una volta il West,1968,8.5,2h 46m,/title/tt0064116/?ref_=chttp_t_52,"https://m.media-amazon.com/images/M/MV5BODQ3NDExOGYtMzI3Mi00NWRlLTkwNjAtNjc4MDgzZGJiZTA1XkEyXkFqcGdeQXVyMjUzOTY1NTc@._V1_QL75_UX140_CR0,1,140,207_.jpg"
 Alien,1979,8.5,1h 57m,/title/tt0078748/?ref_=chttp_t_53,"https://m.media-amazon.com/images/M/MV5BOGQzZTBjMjQtOTVmMS00NGE5LWEyYmMtOGQ1ZGZjNmRkYjFhXkEyXkFqcGdeQXVyMjUzOTY1NTc@._V1_QL75_UX140_CR0,2,140,207_.jpg"
 12th Fail,2023,9.1,2h 27m,/title/tt23849204/?ref_=chttp_t_54,"https://m.media-amazon.com/images/M/MV5BOTJlY2U2ZmYtMzU3Ny00ZDI3LWEwMDYtOWIxNzdhZDI5ZWRkXkEyXkFqcGdeQXVyMTY3ODkyNDkz._V1_QL75_UY207_CR9,0,140,207_.jpg"
 City Lights,1931,8.5,1h 27m,/title/tt0021749/?ref_=chttp_t_55,"https://m.media-amazon.com/images/M/MV5BY2I4MmM1N2EtM2YzOS00OWUzLTkzYzctNDc5NDg2N2IyODJmXkEyXkFqcGdeQXVyNzkwMjQ5NzM@._V1_QL75_UX140_CR0,1,140,207_.jpg"
 Apocalypse Now,1979,8.4,2h 27m,/title/tt0078788/?ref_=chttp_t_56,"https://m.media-amazon.com/images/M/MV5BYmQyNTA1ZGItNjZjMi00NzFlLWEzMWEtNWMwN2Q2MjJhYzEyXkEyXkFqcGdeQXVyMjUzOTY1NTc@._V1_QL75_UX140_CR0,4,140,207_.jpg"
 Django Unchained,2012,8.5,2h 45m,/title/tt1853728/?ref_=chttp_t_57,"https://m.media-amazon.com/images/M/MV5BMjIyNTQ5NjQ1OV5BMl5BanBnXkFtZTcwODg1MDU4OA@@._V1_QL75_UX140_CR0,0,140,207_.jpg"
 Memento,2000,8.4,1h 53m,/title/tt0209144/?ref_=chttp_t_58,"https://m.media-amazon.com/images/M/MV5BZTcyNjk1MjgtOWI3Mi00YzQwLWI5MTktMzY4ZmI2NDAyNzYzXkEyXkFqcGdeQXVyNjU0OTQ0OTY@._V1_QL75_UY207_CR1,0,140,207_.jpg"
 WALL·E,2008,8.4,1h 38m,/title/tt0910970/?ref_=chttp_t_59,"https://m.media-amazon.com/images/M/MV5BMjExMTg5OTU0NF5BMl5BanBnXkFtZTcwMjMxMzMzMw@@._V1_QL75_UX140_CR0,0,140,207_.jpg"
 Raiders of the Lost Ark,1981,8.4,1h 55m,/title/tt0082971/?ref_=chttp_t_60,"https://m.media-amazon.com/images/M/MV5BNTU2ODkyY2MtMjU1NC00NjE1LWEzYjgtMWQ3MzRhMTE0NDc0XkEyXkFqcGdeQXVyMjM4MzQ4OTQ@._V1_QL75_UY207_CR1,0,140,207_.jpg"
 Das Leben der Anderen,2006,8.4,2h 17m,/title/tt0405094/?ref_=chttp_t_61,"https://m.media-amazon.com/images/M/MV5BNmQyNmJjM2ItNTQzYi00ZjMxLWFjMDYtZjUyN2YwZDk5YWQ2XkEyXkFqcGdeQXVyMjUzOTY1NTc@._V1_QL75_UX140_CR0,1,140,207_.jpg"
 Sunset Blvd.,1950,8.4,1h 50m,/title/tt0043014/?ref_=chttp_t_62,"https://m.media-amazon.com/images/M/MV5BMTU0NTkyNzYwMF5BMl5BanBnXkFtZTgwMDU0NDk5MTI@._V1_QL75_UX140_CR0,2,140,207_.jpg"
 Paths of Glory,1957,8.4,1h 28m,/title/tt0050825/?ref_=chttp_t_63,"https://m.media-amazon.com/images/M/MV5BOTI5Nzc0OTMtYzBkMS00NjkxLThmM2UtNjM2ODgxN2M5NjNkXkEyXkFqcGdeQXVyNjQ2MjQ5NzM@._V1_QL75_UX140_CR0,3,140,207_.jpg"
 Avengers: Infinity War,2018,8.4,2h 29m,/title/tt4154756/?ref_=chttp_t_64,"https://m.media-amazon.com/images/M/MV5BMjMxNjY2MDU1OV5BMl5BanBnXkFtZTgwNzY1MTUwNTM@._V1_QL75_UX140_CR0,0,140,207_.jpg"
 Spider-Man: Into the Spider-Verse,2018,8.4,1h 57m,/title/tt4633694/?ref_=chttp_t_65,"https://m.media-amazon.com/images/M/MV5BMjMwNDkxMTgzOF5BMl5BanBnXkFtZTgwNTkwNTQ3NjM@._V1_QL75_UX140_CR0,0,140,207_.jpg"
 The Shining,1980,8.4,2h 26m,/title/tt0081505/?ref_=chttp_t_66,"https://m.media-amazon.com/images/M/MV5BZWFlYmY2MGEtZjVkYS00YzU4LTg0YjQtYzY1ZGE3NTA5NGQxXkEyXkFqcGdeQXVyMTQxNzMzNDI@._V1_QL75_UX140_CR0,3,140,207_.jpg"
 Witness for the Prosecution,1957,8.4,1h 56m,/title/tt0051201/?ref_=chttp_t_67,"https://m.media-amazon.com/images/M/MV5BNDQwODU5OWYtNDcyNi00MDQ1LThiOGMtZDkwNWJiM2Y3MDg0XkEyXkFqcGdeQXVyMDI2NDg0NQ@@._V1_QL75_UX140_CR0,3,140,207_.jpg"
 The Great Dictator,1940,8.4,2h 5m,/title/tt0032553/?ref_=chttp_t_68,"https://m.media-amazon.com/images/M/MV5BMmExYWJjNTktNGUyZS00ODhmLTkxYzAtNWIzOGEyMGNiMmUwXkEyXkFqcGdeQXVyNjU0OTQ0OTY@._V1_QL75_UY207_CR0,0,140,207_.jpg"
 Aliens,1986,8.4,2h 17m,/title/tt0090605/?ref_=chttp_t_69,"https://m.media-amazon.com/images/M/MV5BOGJkY2EyOWYtYWRmNy00ZTEzLTllMDAtYzYzYjA0ZjFhZWJjXkEyXkFqcGdeQXVyMTUzMDUzNTI3._V1_QL75_UX140_CR0,2,140,207_.jpg"
 Inglourious Basterds,2009,8.4,2h 33m,/title/tt0361748/?ref_=chttp_t_70,"https://m.media-amazon.com/images/M/MV5BOTJiNDEzOWYtMTVjOC00ZjlmLWE0NGMtZmE1OWVmZDQ2OWJhXkEyXkFqcGdeQXVyNTIzOTk5ODM@._V1_QL75_UX140_CR0,0,140,207_.jpg"
 The Dark Knight Rises,2012,8.4,2h 44m,/title/tt1345836/?ref_=chttp_t_71,"https://m.media-amazon.com/images/M/MV5BMTk4ODQzNDY3Ml5BMl5BanBnXkFtZTcwODA0NTM4Nw@@._V1_QL75_UX140_CR0,0,140,207_.jpg"
 Dr. Strangelove or: How I Learned to Stop Worrying and Love the Bomb,1964,8.4,1h 35m,/title/tt0057012/?ref_=chttp_t_72,"https://m.media-amazon.com/images/M/MV5BMWMxYjZkOWUtM2FjMi00MmI1LThkNzQtNTM5Y2E2ZGQ2NGFhXkEyXkFqcGdeQXVyMTA0MTM5NjI2._V1_QL75_UX140_CR0,1,140,207_.jpg"
 American Beauty,1999,8.3,2h 2m,/title/tt0169547/?ref_=chttp_t_73,"https://m.media-amazon.com/images/M/MV5BNTBmZWJkNjctNDhiNC00MGE2LWEwOTctZTk5OGVhMWMyNmVhXkEyXkFqcGdeQXVyMTMxODk2OTU@._V1_QL75_UX140_CR0,0,140,207_.jpg"
 Oldeuboi,2003,8.3,2h,/title/tt0364569/?ref_=chttp_t_74,"https://m.media-amazon.com/images/M/MV5BMTI3NTQyMzU5M15BMl5BanBnXkFtZTcwMTM2MjgyMQ@@._V1_QL75_UX140_CR0,0,140,207_.jpg"
 Coco,2017,8.4,1h 45m,/title/tt2380307/?ref_=chttp_t_75,"https://m.media-amazon.com/images/M/MV5BYjQ5NjM0Y2YtNjZkNC00ZDhkLWJjMWItN2QyNzFkMDE3ZjAxXkEyXkFqcGdeQXVyODIxMzk5NjA@._V1_QL75_UY207_CR3,0,140,207_.jpg"
 Amadeus,1984,8.4,2h 40m,/title/tt0086879/?ref_=chttp_t_76,"https://m.media-amazon.com/images/M/MV5BNWJlNzUzNGMtYTAwMS00ZjI2LWFmNWQtODcxNWUxODA5YmU1XkEyXkFqcGdeQXVyNTIzOTk5ODM@._V1_QL75_UX140_CR0,5,140,207_.jpg"
 Toy Story,1995,8.3,1h 21m,/title/tt0114709/?ref_=chttp_t_77,"https://m.media-amazon.com/images/M/MV5BMDU2ZWJlMjktMTRhMy00ZTA5LWEzNDgtYmNmZTEwZTViZWJkXkEyXkFqcGdeQXVyNDQ2OTk4MzI@._V1_QL75_UX140_CR0,1,140,207_.jpg"
 Das Boot,1981,8.4,2h 29m,/title/tt0082096/?ref_=chttp_t_78,"https://m.media-amazon.com/images/M/MV5BNDBjMWUxNTUtNjZiNi00YzJhLTgzNzUtMTRiY2FkZmMzYTNjXkEyXkFqcGdeQXVyMTUzMDUzNTI3._V1_QL75_UX140_CR0,2,140,207_.jpg"
 Braveheart,1995,8.3,2h 58m,/title/tt0112573/?ref_=chttp_t_79,"https://m.media-amazon.com/images/M/MV5BMzkzMmU0YTYtOWM3My00YzBmLWI0YzctOGYyNTkwMWE5MTJkXkEyXkFqcGdeQXVyNzkwMjQ5NzM@._V1_QL75_UY207_CR0,0,140,207_.jpg"
 Avengers: Endgame,2019,8.4,3h 1m,/title/tt4154796/?ref_=chttp_t_80,"https://m.media-amazon.com/images/M/MV5BMTc5MDE2ODcwNV5BMl5BanBnXkFtZTgwMzI2NzQ2NzM@._V1_QL75_UX140_CR0,0,140,207_.jpg"
 Joker,2019,8.4,2h 2m,/title/tt7286456/?ref_=chttp_t_81,"https://m.media-amazon.com/images/M/MV5BNGVjNWI4ZGUtNzE0MS00YTJmLWE0ZDctN2ZiYTk2YmI3NTYyXkEyXkFqcGdeQXVyMTkxNjUyNQ@@._V1_QL75_UX140_CR0,0,140,207_.jpg"
 Mononoke-hime,1997,8.3,2h 14m,/title/tt0119698/?ref_=chttp_t_82,"https://m.media-amazon.com/images/M/MV5BNTZkYmI0MmEtNGFlZC00OWZjLWFjMmItMjk1OWZkOWJiZGVjXkEyXkFqcGdeQXVyMTMxODk2OTU@._V1_QL75_UX140_CR0,1,140,207_.jpg"
 Good Will Hunting,1997,8.3,2h 6m,/title/tt0119217/?ref_=chttp_t_83,"https://m.media-amazon.com/images/M/MV5BOTI0MzcxMTYtZDVkMy00NjY1LTgyMTYtZmUxN2M3NmQ2NWJhXkEyXkFqcGdeQXVyMTQxNzMzNDI@._V1_QL75_UX140_CR0,3,140,207_.jpg"
 Kimi no na wa.,2016,8.4,1h 46m,/title/tt5311514/?ref_=chttp_t_84,"https://m.media-amazon.com/images/M/MV5BODRmZDVmNzUtZDA4ZC00NjhkLWI2M2UtN2M0ZDIzNDcxYThjL2ltYWdlXkEyXkFqcGdeQXVyNTk0MzMzODA@._V1_QL75_UX140_CR0,0,140,207_.jpg"
 Oppenheimer,2023,8.4,3h,/title/tt15398776/?ref_=chttp_t_85,"https://m.media-amazon.com/images/M/MV5BMDBmYTZjNjUtN2M1MS00MTQ2LTk2ODgtNzc2M2QyZGE5NTVjXkEyXkFqcGdeQXVyNzAwMjU2MTY@._V1_QL75_UX140_CR0,0,140,207_.jpg"
 Once Upon a Time in America,1984,8.3,3h 49m,/title/tt0087843/?ref_=chttp_t_86,"https://m.media-amazon.com/images/M/MV5BMmQzZjdmZDAtOGE2Yy00MmUwLTljYzgtZTMwMjk3ZDdiOWUyXkEyXkFqcGdeQXVyNjc5NjEzNA@@._V1_QL75_UX140_CR0,1,140,207_.jpg"
 Tengoku to jigoku,1963,8.4,2h 23m,/title/tt0057565/?ref_=chttp_t_87,"https://m.media-amazon.com/images/M/MV5BOTI4NTNhZDMtMWNkZi00MTRmLWJmZDQtMmJkMGVmZTEzODlhXkEyXkFqcGdeQXVyNjc1NTYyMjg@._V1_QL75_UX140_CR0,1,140,207_.jpg"
 3 Idiots,2009,8.4,2h 50m,/title/tt1187043/?ref_=chttp_t_88,"https://m.media-amazon.com/images/M/MV5BNTkyOGVjMGEtNmQzZi00NzFlLTlhOWQtODYyMDc2ZGJmYzFhXkEyXkFqcGdeQXVyNjU0OTQ0OTY@._V1_QL75_UY207_CR2,0,140,207_.jpg"
 Singin' in the Rain,1952,8.3,1h 43m,/title/tt0045152/?ref_=chttp_t_89,"https://m.media-amazon.com/images/M/MV5BZDRjNGViMjQtOThlMi00MTA3LThkYzQtNzJkYjBkMGE0YzE1XkEyXkFqcGdeQXVyNDYyMDk5MTU@._V1_QL75_UY207_CR1,0,140,207_.jpg"
 Capharnaüm,2018,8.4,2h 6m,/title/tt8267604/?ref_=chttp_t_90,"https://m.media-amazon.com/images/M/MV5BMmExNzU2ZWMtYzUwYi00YmM2LTkxZTQtNmVhNjY0NTMyMWI2XkEyXkFqcGdeQXVyMTMxODk2OTU@._V1_QL75_UY207_CR1,0,140,207_.jpg"
 Requiem for a Dream,2000,8.3,1h 42m,/title/tt0180093/?ref_=chttp_t_91,"https://m.media-amazon.com/images/M/MV5BOTdiNzJlOWUtNWMwNS00NmFlLWI0YTEtZmI3YjIzZWUyY2Y3XkEyXkFqcGdeQXVyNjU0OTQ0OTY@._V1_QL75_UX140_CR0,1,140,207_.jpg"
 Idi i smotri,1985,8.4,2h 22m,/title/tt0091251/?ref_=chttp_t_92,"https://m.media-amazon.com/images/M/MV5BODM4Njg0NTAtYjI5Ny00ZjAxLTkwNmItZTMxMWU5M2U3M2RjXkEyXkFqcGdeQXVyNzkwMjQ5NzM@._V1_QL75_UX140_CR0,4,140,207_.jpg"
 Toy Story 3,2010,8.3,1h 43m,/title/tt0435761/?ref_=chttp_t_93,"https://m.media-amazon.com/images/M/MV5BMTgxOTY4Mjc0MF5BMl5BanBnXkFtZTcwNTA4MDQyMw@@._V1_QL75_UY207_CR3,0,140,207_.jpg"
 Star Wars: Episode VI - Return of the Jedi,1983,8.3,2h 11m,/title/tt0086190/?ref_=chttp_t_94,"https://m.media-amazon.com/images/M/MV5BOWZlMjFiYzgtMTUzNC00Y2IzLTk1NTMtZmNhMTczNTk0ODk1XkEyXkFqcGdeQXVyNTAyODkwOQ@@._V1_QL75_UX140_CR0,5,140,207_.jpg"
 Eternal Sunshine of the Spotless Mind,2004,8.3,1h 48m,/title/tt0338013/?ref_=chttp_t_95,"https://m.media-amazon.com/images/M/MV5BMTY4NzcwODg3Nl5BMl5BanBnXkFtZTcwNTEwOTMyMw@@._V1_QL75_UX140_CR0,0,140,207_.jpg"
 Jagten,2012,8.3,1h 55m,/title/tt2106476/?ref_=chttp_t_96,"https://m.media-amazon.com/images/M/MV5BMTg2NDg3ODg4NF5BMl5BanBnXkFtZTcwNzk3NTc3Nw@@._V1_QL75_UY207_CR3,0,140,207_.jpg"
 2001: A Space Odyssey,1968,8.3,2h 29m,/title/tt0062622/?ref_=chttp_t_97,"https://m.media-amazon.com/images/M/MV5BMmNlYzRiNDctZWNhMi00MzI4LThkZTctMTUzMmZkMmFmNThmXkEyXkFqcGdeQXVyNzkwMjQ5NzM@._V1_QL75_UX140_CR0,0,140,207_.jpg"
 Reservoir Dogs,1992,8.3,1h 39m,/title/tt0105236/?ref_=chttp_t_98,"https://m.media-amazon.com/images/M/MV5BZmExNmEwYWItYmQzOS00YjA5LTk2MjktZjEyZDE1Y2QxNjA1XkEyXkFqcGdeQXVyMTQxNzMzNDI@._V1_QL75_UX140_CR0,1,140,207_.jpg"
 Ikiru,1952,8.3,2h 23m,/title/tt0044741/?ref_=chttp_t_99,"https://m.media-amazon.com/images/M/MV5BYWM1YmZkNTctZDAwNy00ZTY4LWFjMTktYzU4ZjViMmU1OTJmXkEyXkFqcGdeQXVyMTA0MTM5NjI2._V1_QL75_UX140_CR0,1,140,207_.jpg"
. Lawrence of Arabia,1962,8.3,3h 38m,/title/tt0056172/?ref_=chttp_t_100,"https://m.media-amazon.com/images/M/MV5BYWY5ZjhjNGYtZmI2Ny00ODM0LWFkNzgtZmI1YzA2N2MxMzA0XkEyXkFqcGdeQXVyNjUwNzk3NDc@._V1_QL75_UY207_CR2,0,140,207_.jpg"
. The Apartment,1960,8.3,2h 5m,/title/tt0053604/?ref_=chttp_t_101,"https://m.media-amazon.com/images/M/MV5BNzkwODFjNzItMmMwNi00MTU5LWE2MzktM2M4ZDczZGM1MmViXkEyXkFqcGdeQXVyNDY2MTk1ODk@._V1_QL75_UX140_CR0,7,140,207_.jpg"
. North by Northwest,1959,8.3,2h 16m,/title/tt0053125/?ref_=chttp_t_102,"https://m.media-amazon.com/images/M/MV5BZDA3NDExMTUtMDlhOC00MmQ5LWExZGUtYmI1NGVlZWI4OWNiXkEyXkFqcGdeQXVyNjc1NTYyMjg@._V1_QL75_UX140_CR0,2,140,207_.jpg"
. Citizen Kane,1941,8.3,1h 59m,/title/tt0033467/?ref_=chttp_t_103,"https://m.media-amazon.com/images/M/MV5BYjBiOTYxZWItMzdiZi00NjlkLWIzZTYtYmFhZjhiMTljOTdkXkEyXkFqcGdeQXVyNzkwMjQ5NzM@._V1_QL75_UX140_CR0,1,140,207_.jpg"
. M - Eine Stadt sucht einen Mörder,1931,8.3,1h 57m,/title/tt0022100/?ref_=chttp_t_104,"https://m.media-amazon.com/images/M/MV5BODA4ODk3OTEzMF5BMl5BanBnXkFtZTgwMTQ2ODMwMzE@._V1_QL75_UX140_CR0,1,140,207_.jpg"
. Vertigo,1958,8.3,2h 8m,/title/tt0052357/?ref_=chttp_t_105,"https://m.media-amazon.com/images/M/MV5BYTE4ODEwZDUtNDFjOC00NjAxLWEzYTQtYTI1NGVmZmFlNjdiL2ltYWdlL2ltYWdlXkEyXkFqcGdeQXVyNjc1NTYyMjg@._V1_QL75_UX140_CR0,5,140,207_.jpg"
. Double Indemnity,1944,8.3,1h 47m,/title/tt0036775/?ref_=chttp_t_106,"https://m.media-amazon.com/images/M/MV5BOTdlNjgyZGUtOTczYi00MDdhLTljZmMtYTEwZmRiOWFkYjRhXkEyXkFqcGdeQXVyNDY2MTk1ODk@._V1_QL75_UX140_CR0,2,140,207_.jpg"
. Scarface,1983,8.3,2h 50m,/title/tt0086250/?ref_=chttp_t_107,"https://m.media-amazon.com/images/M/MV5BNjdjNGQ4NDEtNTEwYS00MTgxLTliYzQtYzE2ZDRiZjFhZmNlXkEyXkFqcGdeQXVyNjU0OTQ0OTY@._V1_QL75_UX140_CR0,1,140,207_.jpg"
. Incendies,2010,8.3,2h 11m,/title/tt1255953/?ref_=chttp_t_108,"https://m.media-amazon.com/images/M/MV5BMWE3MGYzZjktY2Q5Mi00Y2NiLWIyYWUtMmIyNzA3YmZlMGFhXkEyXkFqcGdeQXVyMTMxODk2OTU@._V1_QL75_UX140_CR0,1,140,207_.jpg"
. Le fabuleux destin d'Amélie Poulain,2001,8.3,2h 2m,/title/tt0211915/?ref_=chttp_t_109,"https://m.media-amazon.com/images/M/MV5BNDg4NjM1YjMtYmNhZC00MjM0LWFiZmYtNGY1YjA3MzZmODc5XkEyXkFqcGdeQXVyNDk3NzU2MTQ@._V1_QL75_UX140_CR0,1,140,207_.jpg"
. Full Metal Jacket,1987,8.3,1h 56m,/title/tt0093058/?ref_=chttp_t_110,"https://m.media-amazon.com/images/M/MV5BNzkxODk0NjEtYjc4Mi00ZDI0LTgyYjEtYzc1NDkxY2YzYTgyXkEyXkFqcGdeQXVyNzkwMjQ5NzM@._V1_QL75_UX140_CR0,1,140,207_.jpg"
. A Clockwork Orange,1971,8.3,2h 16m,/title/tt0066921/?ref_=chttp_t_111,"https://m.media-amazon.com/images/M/MV5BMTY3MjM1Mzc4N15BMl5BanBnXkFtZTgwODM0NzAxMDE@._V1_QL75_UX140_CR0,0,140,207_.jpg"
. Heat,1995,8.3,2h 50m,/title/tt0113277/?ref_=chttp_t_112,"https://m.media-amazon.com/images/M/MV5BYjZjNTJlZGUtZTE1Ny00ZDc4LTgwYjUtMzk0NDgwYzZjYTk1XkEyXkFqcGdeQXVyNjU0OTQ0OTY@._V1_QL75_UY207_CR2,0,140,207_.jpg"
. Up,2009,8.3,1h 36m,/title/tt1049413/?ref_=chttp_t_113,"https://m.media-amazon.com/images/M/MV5BYjBkM2RjMzItM2M3Ni00N2NjLWE3NzMtMGY4MzE4MDAzMTRiXkEyXkFqcGdeQXVyNDUzOTQ5MjY@._V1_QL75_UX140_CR0,0,140,207_.jpg"
. To Kill a Mockingbird,1962,8.3,2h 9m,/title/tt0056592/?ref_=chttp_t_114,"https://m.media-amazon.com/images/M/MV5BNmVmYzcwNzMtMWM1NS00MWIyLThlMDEtYzUwZDgzODE1NmE2XkEyXkFqcGdeQXVyNzkwMjQ5NzM@._V1_QL75_UX140_CR0,3,140,207_.jpg"
. The Sting,1973,8.3,2h 9m,/title/tt0070735/?ref_=chttp_t_115,"https://m.media-amazon.com/images/M/MV5BNGU3NjQ4YTMtZGJjOS00YTQ3LThmNmItMTI5MDE2ODI3NzY3XkEyXkFqcGdeQXVyMjUzOTY1NTc@._V1_QL75_UX140_CR0,3,140,207_.jpg"
. Jodaeiye Nader az Simin,2011,8.3,2h 3m,/title/tt1832382/?ref_=chttp_t_116,"https://m.media-amazon.com/images/M/MV5BN2JmMjViMjMtZTM5Mi00ZGZkLTk5YzctZDg5MjFjZDE4NjNkXkEyXkFqcGdeQXVyMTMxODk2OTU@._V1_QL75_UX140_CR0,0,140,207_.jpg"
. Indiana Jones and the Last Crusade,1989,8.2,2h 7m,/title/tt0097576/?ref_=chttp_t_117,"https://m.media-amazon.com/images/M/MV5BY2Q0ODg4ZmItNDZiYi00ZWY5LTg2NzctNmYwZjA5OThmNzE1XkEyXkFqcGdeQXVyMjM4MzQ4OTQ@._V1_QL75_UX140_CR0,0,140,207_.jpg"
. Die Hard,1988,8.2,2h 12m,/title/tt0095016/?ref_=chttp_t_118,"https://m.media-amazon.com/images/M/MV5BZjRlNDUxZjAtOGQ4OC00OTNlLTgxNmQtYTBmMDgwZmNmNjkxXkEyXkFqcGdeQXVyNzkwMjQ5NzM@._V1_QL75_UX140_CR0,1,140,207_.jpg"
. Metropolis,1927,8.3,2h 33m,/title/tt0017136/?ref_=chttp_t_119,"https://m.media-amazon.com/images/M/MV5BMTg5YWIyMWUtZDY5My00Zjc1LTljOTctYmI0MWRmY2M2NmRkXkEyXkFqcGdeQXVyMTMxODk2OTU@._V1_QL75_UY207_CR0,0,140,207_.jpg"
. Hamilton,2020,8.3,2h 40m,/title/tt8503618/?ref_=chttp_t_120,"https://m.media-amazon.com/images/M/MV5BNjViNWRjYWEtZTI0NC00N2E3LTk0NGQtMjY4NTM3OGNkZjY0XkEyXkFqcGdeQXVyMjUxMTY3ODM@._V1_QL75_UX140_CR0,0,140,207_.jpg"
. Taare Zameen Par,2007,8.3,2h 42m,/title/tt0986264/?ref_=chttp_t_121,"https://m.media-amazon.com/images/M/MV5BYjY0MGU3MmQtMGVhOS00M2IyLWI1MTktZGUxMzBjMTE5ZDA3XkEyXkFqcGdeQXVyNjU0OTQ0OTY@._V1_QL75_UY207_CR2,0,140,207_.jpg"
. Snatch,2000,8.2,1h 44m,/title/tt0208092/?ref_=chttp_t_122,"https://m.media-amazon.com/images/M/MV5BMTA2NDYxOGYtYjU1Mi00Y2QzLTgxMTQtMWI1MGI0ZGQ5MmU4XkEyXkFqcGdeQXVyNDk3NzU2MTQ@._V1_QL75_UY207_CR1,0,140,207_.jpg"
. L.A. Confidential,1997,8.2,2h 18m,/title/tt0119488/?ref_=chttp_t_123,"https://m.media-amazon.com/images/M/MV5BMDQ2YzEyZGItYWRhOS00MjBmLTkzMDUtMTdjYzkyMmQxZTJlXkEyXkFqcGdeQXVyNjU0OTQ0OTY@._V1_QL75_UY207_CR1,0,140,207_.jpg"
. Ladri di biciclette,1948,8.3,1h 29m,/title/tt0040522/?ref_=chttp_t_124,"https://m.media-amazon.com/images/M/MV5BNmI1ODdjODctMDlmMC00ZWViLWI5MzYtYzRhNDdjYmM3MzFjXkEyXkFqcGdeQXVyMTMxODk2OTU@._V1_QL75_UY207_CR2,0,140,207_.jpg"
. 1917,2019,8.2,1h 59m,/title/tt8579674/?ref_=chttp_t_125,"https://m.media-amazon.com/images/M/MV5BOTdmNTFjNDEtNzg0My00ZjkxLTg1ZDAtZTdkMDc2ZmFiNWQ1XkEyXkFqcGdeQXVyNTAzNzgwNTg@._V1_QL75_UX140_CR0,7,140,207_.jpg"
. Taxi Driver,1976,8.2,1h 54m,/title/tt0075314/?ref_=chttp_t_126,"https://m.media-amazon.com/images/M/MV5BM2M1MmVhNDgtNmI0YS00ZDNmLTkyNjctNTJiYTQ2N2NmYzc2XkEyXkFqcGdeQXVyNzkwMjQ5NzM@._V1_QL75_UX140_CR0,3,140,207_.jpg"
. Der Untergang,2004,8.2,2h 36m,/title/tt0363163/?ref_=chttp_t_127,"https://m.media-amazon.com/images/M/MV5BMTU0NTU5NTAyMl5BMl5BanBnXkFtZTYwNzYwMDg2._V1_QL75_UY207_CR1,0,140,207_.jpg"
. Dangal,2016,8.3,2h 41m,/title/tt5074352/?ref_=chttp_t_128,"https://m.media-amazon.com/images/M/MV5BMTQ4MzQzMzM2Nl5BMl5BanBnXkFtZTgwMTQ1NzU3MDI@._V1_QL75_UY207_CR4,0,140,207_.jpg"
. Poor Things,2023,8.3,2h 21m,/title/tt14230458/?ref_=chttp_t_129,"https://m.media-amazon.com/images/M/MV5BNGIyYWMzNjktNDE3MC00YWQyLWEyMmEtN2ZmNzZhZDk3NGJlXkEyXkFqcGdeQXVyMTUzMTg2ODkz._V1_QL75_UX140_CR0,0,140,207_.jpg"
. Per qualche dollaro in più,1965,8.2,2h 12m,/title/tt0059578/?ref_=chttp_t_130,"https://m.media-amazon.com/images/M/MV5BMzJlZTNkYjQtMTE1OS00YTJlLTgxNjItYzg4NTllODdkMzBiXkEyXkFqcGdeQXVyMjUzOTY1NTc@._V1_QL75_UX140_CR0,3,140,207_.jpg"
. Batman Begins,2005,8.2,2h 20m,/title/tt0372784/?ref_=chttp_t_131,"https://m.media-amazon.com/images/M/MV5BOTY4YjI2N2MtYmFlMC00ZjcyLTg3YjEtMDQyM2ZjYzQ5YWFkXkEyXkFqcGdeQXVyMTQxNzMzNDI@._V1_QL75_UY207_CR0,0,140,207_.jpg"
. The Wolf of Wall Street,2013,8.2,3h,/title/tt0993846/?ref_=chttp_t_132,"https://m.media-amazon.com/images/M/MV5BMjIxMjgxNTk0MF5BMl5BanBnXkFtZTgwNjIyOTg2MDE@._V1_QL75_UX140_CR0,0,140,207_.jpg"
. Some Like It Hot,1959,8.2,2h 1m,/title/tt0053291/?ref_=chttp_t_133,"https://m.media-amazon.com/images/M/MV5BNzAyOGIxYjAtMGY2NC00ZTgyLWIwMWEtYzY0OWQ4NDFjOTc5XkEyXkFqcGdeQXVyNjU0OTQ0OTY@._V1_QL75_UX140_CR0,5,140,207_.jpg"
. The Kid,1921,8.2,1h 8m,/title/tt0012349/?ref_=chttp_t_134,"https://m.media-amazon.com/images/M/MV5BZjhhMThhNDItNTY2MC00MmU1LTliNDEtNDdhZjdlNTY5ZDQ1XkEyXkFqcGdeQXVyNjc1NTYyMjg@._V1_QL75_UX140_CR0,2,140,207_.jpg"
. Green Book,2018,8.2,2h 10m,/title/tt6966692/?ref_=chttp_t_135,"https://m.media-amazon.com/images/M/MV5BYzIzYmJlYTYtNGNiYy00N2EwLTk4ZjItMGYyZTJiOTVkM2RlXkEyXkFqcGdeQXVyODY1NDk1NjE@._V1_QL75_UX140_CR0,1,140,207_.jpg"
. The Father,2020,8.2,1h 37m,/title/tt10272386/?ref_=chttp_t_136,"https://m.media-amazon.com/images/M/MV5BZGJhNWRiOWQtMjI4OS00ZjcxLTgwMTAtMzQ2ODkxY2JkOTVlXkEyXkFqcGdeQXVyMTkxNjUyNQ@@._V1_QL75_UX140_CR0,0,140,207_.jpg"
. Top Gun: Maverick,2022,8.2,2h 10m,/title/tt1745960/?ref_=chttp_t_137,"https://m.media-amazon.com/images/M/MV5BZWYzOGEwNTgtNWU3NS00ZTQ0LWJkODUtMmVhMjIwMjA1ZmQwXkEyXkFqcGdeQXVyMjkwOTAyMDU@._V1_QL75_UX140_CR0,0,140,207_.jpg"
. Judgment at Nuremberg,1961,8.3,2h 59m,/title/tt0055031/?ref_=chttp_t_138,"https://m.media-amazon.com/images/M/MV5BNDc2ODQ5NTE2MV5BMl5BanBnXkFtZTcwODExMjUyNA@@._V1_QL75_UX140_CR0,1,140,207_.jpg"
. All About Eve,1950,8.2,2h 18m,/title/tt0042192/?ref_=chttp_t_139,"https://m.media-amazon.com/images/M/MV5BYmE1M2Y3NTYtYTI0Mi00N2JlLTkzMzItOTY1MTlhNWNkMDgzXkEyXkFqcGdeQXVyMTUzMDUzNTI3._V1_QL75_UX140_CR0,2,140,207_.jpg"
. The Truman Show,1998,8.2,1h 43m,/title/tt0120382/?ref_=chttp_t_140,"https://m.media-amazon.com/images/M/MV5BMDIzODcyY2EtMmY2MC00ZWVlLTgwMzAtMjQwOWUyNmJjNTYyXkEyXkFqcGdeQXVyNDk3NzU2MTQ@._V1_QL75_UX140_CR0,0,140,207_.jpg"
. There Will Be Blood,2007,8.2,2h 38m,/title/tt0469494/?ref_=chttp_t_141,"https://m.media-amazon.com/images/M/MV5BMjAxODQ4MDU5NV5BMl5BanBnXkFtZTcwMDU4MjU1MQ@@._V1_QL75_UX140_CR0,0,140,207_.jpg"
. Shutter Island,2010,8.2,2h 18m,/title/tt1130884/?ref_=chttp_t_142,"https://m.media-amazon.com/images/M/MV5BYzhiNDkyNzktNTZmYS00ZTBkLTk2MDAtM2U0YjU1MzgxZjgzXkEyXkFqcGdeQXVyMTMxODk2OTU@._V1_QL75_UX140_CR0,0,140,207_.jpg"
. Casino,1995,8.2,2h 58m,/title/tt0112641/?ref_=chttp_t_143,"https://m.media-amazon.com/images/M/MV5BMTcxOWYzNDYtYmM4YS00N2NkLTk0NTAtNjg1ODgwZjAxYzI3XkEyXkFqcGdeQXVyNTA4NzY1MzY@._V1_QL75_UX140_CR0,1,140,207_.jpg"
. Ran,1985,8.2,2h 40m,/title/tt0089881/?ref_=chttp_t_144,"https://m.media-amazon.com/images/M/MV5BMmU1NGYwZWYtOWExNi00ZTEyLTgwMmUtM2ZlMDVjNWM4YjVlXkEyXkFqcGdeQXVyMjUzOTY1NTc@._V1_QL75_UX140_CR0,3,140,207_.jpg"
. Jurassic Park,1993,8.2,2h 7m,/title/tt0107290/?ref_=chttp_t_145,"https://m.media-amazon.com/images/M/MV5BMjM2MDgxMDg0Nl5BMl5BanBnXkFtZTgwNTM2OTM5NDE@._V1_QL75_UX140_CR0,1,140,207_.jpg"
. The Sixth Sense,1999,8.2,1h 47m,/title/tt0167404/?ref_=chttp_t_146,"https://m.media-amazon.com/images/M/MV5BMWM4NTFhYjctNzUyNi00NGMwLTk3NTYtMDIyNTZmMzRlYmQyXkEyXkFqcGdeQXVyMTAwMzUyOTc@._V1_QL75_UY207_CR0,0,140,207_.jpg"
. El laberinto del fauno,2006,8.2,1h 58m,/title/tt0457430/?ref_=chttp_t_147,"https://m.media-amazon.com/images/M/MV5BYzFjMThiMGItOWRlMC00MDI4LThmOGUtYTNlZGZiYWI1YjMyXkEyXkFqcGdeQXVyMjUzOTY1NTc@._V1_QL75_UX140_CR0,1,140,207_.jpg"
. Unforgiven,1992,8.2,2h 10m,/title/tt0105695/?ref_=chttp_t_148,"https://m.media-amazon.com/images/M/MV5BODM3YWY4NmQtN2Y3Ni00OTg0LWFhZGQtZWE3ZWY4MTJlOWU4XkEyXkFqcGdeQXVyNjU0OTQ0OTY@._V1_QL75_UX140_CR0,1,140,207_.jpg"
. A Beautiful Mind,2001,8.2,2h 15m,/title/tt0268978/?ref_=chttp_t_149,"https://m.media-amazon.com/images/M/MV5BMzcwYWFkYzktZjAzNC00OGY1LWI4YTgtNzc5MzVjMDVmNjY0XkEyXkFqcGdeQXVyMTQxNzMzNDI@._V1_QL75_UX140_CR0,0,140,207_.jpg"
. No Country for Old Men,2007,8.2,2h 2m,/title/tt0477348/?ref_=chttp_t_150,"https://m.media-amazon.com/images/M/MV5BMjA5Njk3MjM4OV5BMl5BanBnXkFtZTcwMTc5MTE1MQ@@._V1_QL75_UY207_CR1,0,140,207_.jpg"
. The Thing,1982,8.2,1h 49m,/title/tt0084787/?ref_=chttp_t_151,"https://m.media-amazon.com/images/M/MV5BNGViZWZmM2EtNGYzZi00ZDAyLTk3ODMtNzIyZTBjN2Y1NmM1XkEyXkFqcGdeQXVyNTAyODkwOQ@@._V1_QL75_UX140_CR0,1,140,207_.jpg"
. The Treasure of the Sierra Madre,1948,8.2,2h 6m,/title/tt0040897/?ref_=chttp_t_152,"https://m.media-amazon.com/images/M/MV5BOTJlZWMxYzEtMjlkMS00ODE0LThlM2ItMDI3NGQ2YjhmMzkxXkEyXkFqcGdeQXVyMDI2NDg0NQ@@._V1_QL75_UX140_CR0,2,140,207_.jpg"
. Yôjinbô,1961,8.2,1h 50m,/title/tt0055630/?ref_=chttp_t_153,"https://m.media-amazon.com/images/M/MV5BZThiZjAzZjgtNDU3MC00YThhLThjYWUtZGRkYjc2ZWZlOTVjXkEyXkFqcGdeQXVyNTA4NzY1MzY@._V1_QL75_UX140_CR0,1,140,207_.jpg"
. Kill Bill: Vol. 1,2003,8.2,1h 51m,/title/tt0266697/?ref_=chttp_t_154,"https://m.media-amazon.com/images/M/MV5BNzM3NDFhYTAtYmU5Mi00NGRmLTljYjgtMDkyODQ4MjNkMGY2XkEyXkFqcGdeQXVyNzkwMjQ5NzM@._V1_QL75_UX140_CR0,1,140,207_.jpg"
. Monty Python and the Holy Grail,1975,8.2,1h 31m,/title/tt0071853/?ref_=chttp_t_155,"https://m.media-amazon.com/images/M/MV5BN2IyNTE4YzUtZWU0Mi00MGIwLTgyMmQtMzQ4YzQxYWNlYWE2XkEyXkFqcGdeQXVyNjU0OTQ0OTY@._V1_QL75_UX140_CR0,1,140,207_.jpg"
. The Great Escape,1963,8.2,2h 52m,/title/tt0057115/?ref_=chttp_t_156,"https://m.media-amazon.com/images/M/MV5BNzA2NmYxMWUtNzBlMC00MWM2LTkwNmQtYTFlZjQwODNhOWE0XkEyXkFqcGdeQXVyNTIzOTk5ODM@._V1_QL75_UX140_CR0,6,140,207_.jpg"
. Finding Nemo,2003,8.2,1h 40m,/title/tt0266543/?ref_=chttp_t_157,"https://m.media-amazon.com/images/M/MV5BZmYxZjg3OWEtNzg5Yi00M2YzLWI1YzYtYTQ0NTgwNzhjN2E1XkEyXkFqcGdeQXVyNDUyOTg3Njg@._V1_QL75_UX140_CR0,0,140,207_.jpg"
. Rashômon,1950,8.2,1h 28m,/title/tt0042876/?ref_=chttp_t_158,"https://m.media-amazon.com/images/M/MV5BMjEzMzA4NDE2OF5BMl5BanBnXkFtZTcwNTc5MDI2NQ@@._V1_QL75_UX140_CR0,0,140,207_.jpg"
. The Elephant Man,1980,8.2,2h 4m,/title/tt0080678/?ref_=chttp_t_159,"https://m.media-amazon.com/images/M/MV5BMDVjNjIwOGItNDE3Ny00OThjLWE0NzQtZTU3YjMzZTZjMzhkXkEyXkFqcGdeQXVyMTQxNzMzNDI@._V1_QL75_UX140_CR0,1,140,207_.jpg"
. Hauru no ugoku shiro,2004,8.2,1h 59m,/title/tt0347149/?ref_=chttp_t_160,"https://m.media-amazon.com/images/M/MV5BNmM4YTFmMmItMGE3Yy00MmRkLTlmZGEtMzZlOTQzYjk3MzA2XkEyXkFqcGdeQXVyMTMxODk2OTU@._V1_QL75_UX140_CR0,1,140,207_.jpg"
. Prisoners,2013,8.1,2h 33m,/title/tt1392214/?ref_=chttp_t_161,"https://m.media-amazon.com/images/M/MV5BMTg0NTIzMjQ1NV5BMl5BanBnXkFtZTcwNDc3MzM5OQ@@._V1_QL75_UY207_CR0,0,140,207_.jpg"
. Chinatown,1974,8.1,2h 10m,/title/tt0071315/?ref_=chttp_t_162,"https://m.media-amazon.com/images/M/MV5BMjJkMDZhYzItZTFhMi00ZGI4LThlNTAtZDNlYmEwNjFkNDYzXkEyXkFqcGdeQXVyMjUzOTY1NTc@._V1_QL75_UX140_CR0,2,140,207_.jpg"
. Dial M for Murder,1954,8.2,1h 45m,/title/tt0046912/?ref_=chttp_t_163,"https://m.media-amazon.com/images/M/MV5BOWIwODIxYWItZDI4MS00YzhhLWE3MmYtMzlhZDIwOTMzZmE5L2ltYWdlXkEyXkFqcGdeQXVyNjc1NTYyMjg@._V1_QL75_UX140_CR0,1,140,207_.jpg"
. Gone with the Wind,1939,8.2,3h 58m,/title/tt0031381/?ref_=chttp_t_164,"https://m.media-amazon.com/images/M/MV5BYjUyZWZkM2UtMzYxYy00ZmQ3LWFmZTQtOGE2YjBkNjA3YWZlXkEyXkFqcGdeQXVyNzkwMjQ5NzM@._V1_QL75_UX140_CR0,3,140,207_.jpg"
. V for Vendetta,2005,8.2,2h 12m,/title/tt0434409/?ref_=chttp_t_165,"https://m.media-amazon.com/images/M/MV5BOTI5ODc3NzExNV5BMl5BanBnXkFtZTcwNzYxNzQzMw@@._V1_QL75_UX140_CR0,0,140,207_.jpg"
". Lock, Stock and Two Smoking Barrels",1998,8.1,1h 47m,/title/tt0120735/?ref_=chttp_t_166,"https://m.media-amazon.com/images/M/MV5BMTAyN2JmZmEtNjAyMy00NzYwLThmY2MtYWQ3OGNhNjExMmM4XkEyXkFqcGdeQXVyNDk3NzU2MTQ@._V1_QL75_UX140_CR0,1,140,207_.jpg"
. El secreto de sus ojos,2009,8.2,2h 9m,/title/tt1305806/?ref_=chttp_t_167,"https://m.media-amazon.com/images/M/MV5BMTgwNTI3OTczOV5BMl5BanBnXkFtZTcwMTM3MTUyMw@@._V1_QL75_UY207_CR0,0,140,207_.jpg"
. Raging Bull,1980,8.1,2h 9m,/title/tt0081398/?ref_=chttp_t_168,"https://m.media-amazon.com/images/M/MV5BYjRmODkzNDItMTNhNi00YjJlLTg0ZjAtODlhZTM0YzgzYThlXkEyXkFqcGdeQXVyNzQ1ODk3MTQ@._V1_QL75_UY207_CR1,0,140,207_.jpg"
. Inside Out,2015,8.1,1h 35m,/title/tt2096673/?ref_=chttp_t_169,"https://m.media-amazon.com/images/M/MV5BOTgxMDQwMDk0OF5BMl5BanBnXkFtZTgwNjU5OTg2NDE@._V1_QL75_UX140_CR0,0,140,207_.jpg"
". Three Billboards Outside Ebbing, Missouri",2017,8.1,1h 55m,/title/tt5027774/?ref_=chttp_t_170,"https://m.media-amazon.com/images/M/MV5BMjI0ODcxNzM1N15BMl5BanBnXkFtZTgwMzIwMTEwNDI@._V1_QL75_UX140_CR0,0,140,207_.jpg"
. Trainspotting,1996,8.1,1h 33m,/title/tt0117951/?ref_=chttp_t_171,"https://m.media-amazon.com/images/M/MV5BMzA5Zjc3ZTMtMmU5YS00YTMwLWI4MWUtYTU0YTVmNjVmODZhXkEyXkFqcGdeQXVyNjU0OTQ0OTY@._V1_QL75_UX140_CR0,0,140,207_.jpg"
. The Bridge on the River Kwai,1957,8.1,2h 41m,/title/tt0050212/?ref_=chttp_t_172,"https://m.media-amazon.com/images/M/MV5BOGY5NmNlMmQtYzRlYy00NGQ5LWFkYjYtNzExZmQyMTg0ZDA0XkEyXkFqcGdeQXVyNDIzMzcwNjc@._V1_QL75_UX140_CR0,5,140,207_.jpg"
. Spider-Man: No Way Home,2021,8.2,2h 28m,/title/tt10872600/?ref_=chttp_t_173,"https://m.media-amazon.com/images/M/MV5BZWMyYzFjYTYtNTRjYi00OGExLWE2YzgtOGRmYjAxZTU3NzBiXkEyXkFqcGdeQXVyMzQ0MzA0NTM@._V1_QL75_UX140_CR0,0,140,207_.jpg"
. Fargo,1996,8.1,1h 38m,/title/tt0116282/?ref_=chttp_t_174,"https://m.media-amazon.com/images/M/MV5BNDJiZDgyZjctYmRjMS00ZjdkLTkwMTEtNGU1NDg3NDQ0Yzk1XkEyXkFqcGdeQXVyNzkwMjQ5NzM@._V1_QL75_UY207_CR0,0,140,207_.jpg"
. Warrior,2011,8.1,2h 20m,/title/tt1291584/?ref_=chttp_t_175,"https://m.media-amazon.com/images/M/MV5BMTk4ODk5MTMyNV5BMl5BanBnXkFtZTcwMDMyNTg0Ng@@._V1_QL75_UX140_CR0,4,140,207_.jpg"
. Klaus,2019,8.2,1h 36m,/title/tt4729430/?ref_=chttp_t_176,"https://m.media-amazon.com/images/M/MV5BMWYwOThjM2ItZGYxNy00NTQwLWFlZWEtM2MzM2Q5MmY3NDU5XkEyXkFqcGdeQXVyMTkxNjUyNQ@@._V1_QL75_UX140_CR0,0,140,207_.jpg"
. Catch Me If You Can,2002,8.1,2h 21m,/title/tt0264464/?ref_=chttp_t_177,"https://m.media-amazon.com/images/M/MV5BMTY5MzYzNjc5NV5BMl5BanBnXkFtZTYwNTUyNTc2._V1_QL75_UX140_CR0,0,140,207_.jpg"
. Gojira -1.0,2023,8.3,2h 4m,/title/tt23289160/?ref_=chttp_t_178,"https://m.media-amazon.com/images/M/MV5BOTI5MjNjMTMtN2NiNC00YjBlLTgzMWQtMGRhZDZkYmY1NGU2XkEyXkFqcGdeQXVyNTgyNTA4MjM@._V1_QL75_UX140_CR0,0,140,207_.jpg"
. Gran Torino,2008,8.1,1h 56m,/title/tt1205489/?ref_=chttp_t_179,"https://m.media-amazon.com/images/M/MV5BMTc5NTk2OTU1Nl5BMl5BanBnXkFtZTcwMDc3NjAwMg@@._V1_QL75_UY207_CR0,0,140,207_.jpg"
. Tonari no Totoro,1988,8.1,1h 26m,/title/tt0096283/?ref_=chttp_t_180,"https://m.media-amazon.com/images/M/MV5BYzJjMTYyMjQtZDI0My00ZjE2LTkyNGYtOTllNGQxNDMyZjE0XkEyXkFqcGdeQXVyMTMxODk2OTU@._V1_QL75_UY207_CR4,0,140,207_.jpg"
. Million Dollar Baby,2004,8.1,2h 12m,/title/tt0405159/?ref_=chttp_t_181,"https://m.media-amazon.com/images/M/MV5BMTkxNzA1NDQxOV5BMl5BanBnXkFtZTcwNTkyMTIzMw@@._V1_QL75_UY207_CR0,0,140,207_.jpg"
. Harry Potter and the Deathly Hallows - Part 2,2011,8.1,2h 10m,/title/tt1201607/?ref_=chttp_t_182,"https://m.media-amazon.com/images/M/MV5BMGVmMWNiMDktYjQ0Mi00MWIxLTk0N2UtN2ZlYTdkN2IzNDNlXkEyXkFqcGdeQXVyODE5NzE3OTE@._V1_QL75_UX140_CR0,1,140,207_.jpg"
. Bacheha-Ye aseman,1997,8.2,1h 29m,/title/tt0118849/?ref_=chttp_t_183,"https://m.media-amazon.com/images/M/MV5BZTYwZWQ4ZTQtZWU0MS00N2YwLWEzMDItZWFkZWY0MWVjODVhXkEyXkFqcGdeQXVyNjU0OTQ0OTY@._V1_QL75_UX140_CR0,4,140,207_.jpg"
. 12 Years a Slave,2013,8.1,2h 14m,/title/tt2024544/?ref_=chttp_t_184,"https://m.media-amazon.com/images/M/MV5BMjExMTEzODkyN15BMl5BanBnXkFtZTcwNTU4NTc4OQ@@._V1_QL75_UX140_CR0,0,140,207_.jpg"
. Blade Runner,1982,8.1,1h 57m,/title/tt0083658/?ref_=chttp_t_185,"https://m.media-amazon.com/images/M/MV5BNzQzMzJhZTEtOWM4NS00MTdhLTg0YjgtMjM4MDRkZjUwZDBlXkEyXkFqcGdeQXVyNjU0OTQ0OTY@._V1_QL75_UX140_CR0,0,140,207_.jpg"
. Before Sunrise,1995,8.1,1h 41m,/title/tt0112471/?ref_=chttp_t_186,"https://m.media-amazon.com/images/M/MV5BZDdiZTAwYzAtMDI3Ni00OTRjLTkzN2UtMGE3MDMyZmU4NTU4XkEyXkFqcGdeQXVyNjU0OTQ0OTY@._V1_QL75_UX140_CR0,0,140,207_.jpg"
. The Grand Budapest Hotel,2014,8.1,1h 39m,/title/tt2278388/?ref_=chttp_t_187,"https://m.media-amazon.com/images/M/MV5BMzM5NjUxOTEyMl5BMl5BanBnXkFtZTgwNjEyMDM0MDE@._V1_QL75_UX140_CR0,0,140,207_.jpg"
. Ben-Hur,1959,8.1,3h 32m,/title/tt0052618/?ref_=chttp_t_188,"https://m.media-amazon.com/images/M/MV5BNjgxY2JiZDYtZmMwOC00ZmJjLWJmODUtMTNmNWNmYWI5ODkwL2ltYWdlL2ltYWdlXkEyXkFqcGdeQXVyNjc1NTYyMjg@._V1_QL75_UX140_CR0,2,140,207_.jpg"
. Barry Lyndon,1975,8.1,3h 5m,/title/tt0072684/?ref_=chttp_t_189,"https://m.media-amazon.com/images/M/MV5BNmY0MWY2NDctZDdmMi00MjA1LTk0ZTQtZDMyZTQ1NTNlYzVjXkEyXkFqcGdeQXVyMjUzOTY1NTc@._V1_QL75_UX140_CR0,3,140,207_.jpg"
. Gone Girl,2014,8.1,2h 29m,/title/tt2267998/?ref_=chttp_t_190,"https://m.media-amazon.com/images/M/MV5BMTk0MDQ3MzAzOV5BMl5BanBnXkFtZTgwNzU1NzE3MjE@._V1_QL75_UY207_CR0,0,140,207_.jpg"
. The Gold Rush,1925,8.1,1h 35m,/title/tt0015864/?ref_=chttp_t_191,"https://m.media-amazon.com/images/M/MV5BZjEyOTE4MzMtNmMzMy00Mzc3LWJlOTQtOGJiNDE0ZmJiOTU4L2ltYWdlXkEyXkFqcGdeQXVyNTAyODkwOQ@@._V1_QL75_UY207_CR6,0,140,207_.jpg"
. Hacksaw Ridge,2016,8.1,2h 19m,/title/tt2119532/?ref_=chttp_t_192,"https://m.media-amazon.com/images/M/MV5BMjQ1NjM3MTUxNV5BMl5BanBnXkFtZTgwMDc5MTY5OTE@._V1_QL75_UX140_CR0,4,140,207_.jpg"
. In the Name of the Father,1993,8.1,2h 13m,/title/tt0107207/?ref_=chttp_t_193,"https://m.media-amazon.com/images/M/MV5BMmYyOTgwYWItYmU3Ny00M2E2LTk0NWMtMDVlNmQ0MWZiMTMxXkEyXkFqcGdeQXVyNzkwMjQ5NzM@._V1_QL75_UX140_CR0,1,140,207_.jpg"
. Salinui chueok,2003,8.1,2h 11m,/title/tt0353969/?ref_=chttp_t_194,"https://m.media-amazon.com/images/M/MV5BOGViNTg4YTktYTQ2Ni00MTU0LTk2NWUtMTI4OTc1YTM0NzQ2XkEyXkFqcGdeQXVyMDM2NDM2MQ@@._V1_QL75_UX140_CR0,0,140,207_.jpg"
. Dead Poets Society,1989,8.1,2h 8m,/title/tt0097165/?ref_=chttp_t_195,"https://m.media-amazon.com/images/M/MV5BOGYwYWNjMzgtNGU4ZC00NWQ2LWEwZjUtMzE1Zjc3NjY3YTU1XkEyXkFqcGdeQXVyMTQxNzMzNDI@._V1_QL75_UY207_CR0,0,140,207_.jpg"
. On the Waterfront,1954,8.1,1h 48m,/title/tt0047296/?ref_=chttp_t_196,"https://m.media-amazon.com/images/M/MV5BY2I0MWFiZDMtNWQyYy00Njk5LTk3MDktZjZjNTNmZmVkYjkxXkEyXkFqcGdeQXVyNjc1NTYyMjg@._V1_QL75_UX140_CR0,2,140,207_.jpg"
. The General,1926,8.1,1h 18m,/title/tt0017925/?ref_=chttp_t_197,"https://m.media-amazon.com/images/M/MV5BYmRiMDFlYjYtOTMwYy00OGY2LWE0Y2QtYzQxOGNhZmUwNTIxXkEyXkFqcGdeQXVyNzkwMjQ5NzM@._V1_QL75_UX140_CR0,0,140,207_.jpg"
. The Deer Hunter,1978,8.1,3h 3m,/title/tt0077416/?ref_=chttp_t_198,"https://m.media-amazon.com/images/M/MV5BNDhmNTA0ZDMtYjhkNS00NzEzLWIzYTItOGNkMTVmYjE2YmI3XkEyXkFqcGdeQXVyNzkwMjQ5NzM@._V1_QL75_UY207_CR0,0,140,207_.jpg"
. Relatos salvajes,2014,8.1,2h 2m,/title/tt3011894/?ref_=chttp_t_199,"https://m.media-amazon.com/images/M/MV5BNzAzMjA1ODAxOV5BMl5BanBnXkFtZTgwODg4NTQzNDE@._V1_QL75_UX140_CR0,0,140,207_.jpg"
. Mad Max: Fury Road,2015,8.1,2h,/title/tt1392190/?ref_=chttp_t_200,"https://m.media-amazon.com/images/M/MV5BN2EwM2I5OWMtMGQyMi00Zjg1LWJkNTctZTdjYTA4OGUwZjMyXkEyXkFqcGdeQXVyMTMxODk2OTU@._V1_QL75_UX140_CR0,0,140,207_.jpg"
. Sherlock Jr.,1924,8.2,45m,/title/tt0015324/?ref_=chttp_t_201,"https://m.media-amazon.com/images/M/MV5BZWFhOGU5NDctY2Q3YS00Y2VlLWI1NzEtZmIwY2ZiZjY4OTA2XkEyXkFqcGdeQXVyMDI2NDg0NQ@@._V1_QL75_UX140_CR0,7,140,207_.jpg"
". Monsters, Inc.",2001,8.1,1h 32m,/title/tt0198781/?ref_=chttp_t_202,"https://m.media-amazon.com/images/M/MV5BMTY1NTI0ODUyOF5BMl5BanBnXkFtZTgwNTEyNjQ0MDE@._V1_QL75_UX140_CR0,0,140,207_.jpg"
. The Third Man,1949,8.1,1h 44m,/title/tt0041959/?ref_=chttp_t_203,"https://m.media-amazon.com/images/M/MV5BYjE2OTdhMWUtOGJlMy00ZDViLWIzZjgtYjZkZGZmMDZjYmEyXkEyXkFqcGdeQXVyNzkwMjQ5NzM@._V1_QL75_UX140_CR0,1,140,207_.jpg"
. Smultronstället,1957,8.1,1h 31m,/title/tt0050986/?ref_=chttp_t_204,"https://m.media-amazon.com/images/M/MV5BYWQxYzdhMDMtNjAyZC00NzE0LWFjYmQtYjk0YzMyYjA5NzZkXkEyXkFqcGdeQXVyMjUzOTY1NTc@._V1_QL75_UX140_CR0,3,140,207_.jpg"
. Le salaire de la peur,1953,8.2,2h 11m,/title/tt0046268/?ref_=chttp_t_205,"https://m.media-amazon.com/images/M/MV5BMzE2ODNiZGItNGJiZS00MzBkLTgzZDktN2NmZGE0ZWU3N2U5L2ltYWdlL2ltYWdlXkEyXkFqcGdeQXVyMzI4Nzk0NjY@._V1_QL75_UY207_CR6,0,140,207_.jpg"
. Jaws,1975,8.1,2h 4m,/title/tt0073195/?ref_=chttp_t_206,"https://m.media-amazon.com/images/M/MV5BMmVmODY1MzEtYTMwZC00MzNhLWFkNDMtZjAwM2EwODUxZTA5XkEyXkFqcGdeQXVyNTAyODkwOQ@@._V1_QL75_UX140_CR0,4,140,207_.jpg"
. How to Train Your Dragon,2010,8.1,1h 38m,/title/tt0892769/?ref_=chttp_t_207,"https://m.media-amazon.com/images/M/MV5BMjA5NDQyMjc2NF5BMl5BanBnXkFtZTcwMjg5ODcyMw@@._V1_QL75_UX140_CR0,0,140,207_.jpg"
. Mary and Max.,2009,8.1,1h 32m,/title/tt0978762/?ref_=chttp_t_208,"https://m.media-amazon.com/images/M/MV5BMDgzYjQwMDMtNGUzYi00MTRmLWIyMGMtNjE1OGZkNzY2YWIzL2ltYWdlXkEyXkFqcGdeQXVyNjU0OTQ0OTY@._V1_QL75_UY207_CR3,0,140,207_.jpg"
. Mr. Smith Goes to Washington,1939,8.1,2h 9m,/title/tt0031679/?ref_=chttp_t_209,"https://m.media-amazon.com/images/M/MV5BZTYwYjYxYzgtMDE1Ni00NzU4LWJlMTEtODQ5YmJmMGJhZjI5L2ltYWdlXkEyXkFqcGdeQXVyMDI2NDg0NQ@@._V1_QL75_UX140_CR0,2,140,207_.jpg"
. Ford v Ferrari,2019,8.1,2h 32m,/title/tt1950186/?ref_=chttp_t_210,"https://m.media-amazon.com/images/M/MV5BM2UwMDVmMDItM2I2Yi00NGZmLTk4ZTUtY2JjNTQ3OGQ5ZjM2XkEyXkFqcGdeQXVyMTA1OTYzOTUx._V1_QL75_UY207_CR0,0,140,207_.jpg"
. Ratatouille,2007,8.1,1h 51m,/title/tt0382932/?ref_=chttp_t_211,"https://m.media-amazon.com/images/M/MV5BMTMzODU0NTkxMF5BMl5BanBnXkFtZTcwMjQ4MzMzMw@@._V1_QL75_UX140_CR0,0,140,207_.jpg"
. Det sjunde inseglet,1957,8.1,1h 36m,/title/tt0050976/?ref_=chttp_t_212,"https://m.media-amazon.com/images/M/MV5BOWM3MmE0OGYtOGVlNC00OWE1LTk5ZTAtYmUwMDIwM2ZlNWJiXkEyXkFqcGdeQXVyMjUzOTY1NTc@._V1_QL75_UY207_CR1,0,140,207_.jpg"
. Room,2015,8.1,1h 58m,/title/tt3170832/?ref_=chttp_t_213,"https://m.media-amazon.com/images/M/MV5BMjE4NzgzNzEwMl5BMl5BanBnXkFtZTgwMTMzMDE0NjE@._V1_QL75_UX140_CR0,0,140,207_.jpg"
. Tôkyô monogatari,1953,8.1,2h 16m,/title/tt0046438/?ref_=chttp_t_214,"https://m.media-amazon.com/images/M/MV5BYWQ4ZTRiODktNjAzZC00Nzg1LTk1YWQtNDFmNDI0NmZiNGIwXkEyXkFqcGdeQXVyNzkwMjQ5NzM@._V1_QL75_UY207_CR2,0,140,207_.jpg"
. The Big Lebowski,1998,8.1,1h 57m,/title/tt0118715/?ref_=chttp_t_215,"https://m.media-amazon.com/images/M/MV5BMzliZDk0NjctNjhlOC00MWEyLWI3OWYtNjA5ZDYxMTMzNTc5XkEyXkFqcGdeQXVyNTAyODkwOQ@@._V1_QL75_UY207_CR0,0,140,207_.jpg"
. Rocky,1976,8.1,2h,/title/tt0075148/?ref_=chttp_t_216,"https://m.media-amazon.com/images/M/MV5BNTBkMjg2MjYtYTZjOS00ODQ0LTg0MDEtM2FiNmJmOGU1NGEwXkEyXkFqcGdeQXVyMjUzOTY1NTc@._V1_QL75_UX140_CR0,3,140,207_.jpg"
. Logan,2017,8.1,2h 17m,/title/tt3315342/?ref_=chttp_t_217,"https://m.media-amazon.com/images/M/MV5BYzc5MTU4N2EtYTkyMi00NjdhLTg3NWEtMTY4OTEyMzJhZTAzXkEyXkFqcGdeQXVyNjc1NTYyMjg@._V1_QL75_UX140_CR0,1,140,207_.jpg"
. Spotlight,2015,8.1,2h 9m,/title/tt1895587/?ref_=chttp_t_218,"https://m.media-amazon.com/images/M/MV5BMjIyOTM5OTIzNV5BMl5BanBnXkFtZTgwMDkzODE2NjE@._V1_QL75_UY207_CR0,0,140,207_.jpg"
. Hotel Rwanda,2004,8.1,2h 1m,/title/tt0395169/?ref_=chttp_t_219,"https://m.media-amazon.com/images/M/MV5BZGJjYmIzZmQtNWE4Yy00ZGVmLWJkZGEtMzUzNmQ4ZWFlMjRhXkEyXkFqcGdeQXVyMTMxODk2OTU@._V1_QL75_UY207_CR0,0,140,207_.jpg"
. Platoon,1986,8.1,2h,/title/tt0091763/?ref_=chttp_t_220,"https://m.media-amazon.com/images/M/MV5BMzRjZjdlMjQtODVkYS00N2YzLWJlYWYtMGVlN2E5MWEwMWQzXkEyXkFqcGdeQXVyMTQxNzMzNDI@._V1_QL75_UX140_CR0,6,140,207_.jpg"
. The Terminator,1984,8.1,1h 47m,/title/tt0088247/?ref_=chttp_t_221,"https://m.media-amazon.com/images/M/MV5BYTViNzMxZjEtZGEwNy00MDNiLWIzNGQtZDY2MjQ1OWViZjFmXkEyXkFqcGdeQXVyNzkwMjQ5NzM@._V1_QL75_UX140_CR0,1,140,207_.jpg"
. La passion de Jeanne d'Arc,1928,8.1,1h 50m,/title/tt0019254/?ref_=chttp_t_222,"https://m.media-amazon.com/images/M/MV5BNjBjNDJiYTUtOWY0OS00OGVmLTg2YzctMTE0NzVhODM1ZWJmXkEyXkFqcGdeQXVyNjU0OTQ0OTY@._V1_QL75_UX140_CR0,6,140,207_.jpg"
. Before Sunset,2004,8.1,1h 20m,/title/tt0381681/?ref_=chttp_t_223,"https://m.media-amazon.com/images/M/MV5BMTQ1MjAwNTM5Ml5BMl5BanBnXkFtZTYwNDM0MTc3._V1_QL75_UY207_CR0,0,140,207_.jpg"
. Jai Bhim,2021,8.7,2h 44m,/title/tt15097216/?ref_=chttp_t_224,"https://m.media-amazon.com/images/M/MV5BNzFkM2FhMzQtYjUwZi00N2Y3LWFkZWItMmZmMjQxNGQwZmNhXkEyXkFqcGdeQXVyODEyNjEwMDk@._V1_QL75_UY207_CR13,0,140,207_.jpg"
. The Best Years of Our Lives,1946,8.1,2h 50m,/title/tt0036868/?ref_=chttp_t_225,"https://m.media-amazon.com/images/M/MV5BY2RmNTRjYzctODI4Ni00MzQyLWEyNTAtNjU0N2JkMTNhNjJkXkEyXkFqcGdeQXVyNjU0OTQ0OTY@._V1_QL75_UX140_CR0,1,140,207_.jpg"
. La haine,1995,8.1,1h 38m,/title/tt0113247/?ref_=chttp_t_226,"https://m.media-amazon.com/images/M/MV5BOTQxOGU0OWUtMzExYy00ZjIxLWJmMzAtNTI1Y2YxYTMxN2RkXkEyXkFqcGdeQXVyMjUzOTY1NTc@._V1_QL75_UX140_CR0,0,140,207_.jpg"
. The Exorcist,1973,8.1,2h 2m,/title/tt0070047/?ref_=chttp_t_227,"https://m.media-amazon.com/images/M/MV5BYWFlZGY2NDktY2ZjOS00ZWNkLTg0ZDAtZDY4MTM1ODU4ZjljXkEyXkFqcGdeQXVyMjUzOTY1NTc@._V1_QL75_UX140_CR0,3,140,207_.jpg"
. Rush,2013,8.1,2h 3m,/title/tt1979320/?ref_=chttp_t_228,"https://m.media-amazon.com/images/M/MV5BOWEwODJmZDItYTNmZC00OGM4LThlNDktOTQzZjIzMGQxODA4XkEyXkFqcGdeQXVyNjU0OTQ0OTY@._V1_QL75_UX140_CR0,0,140,207_.jpg"
. Network,1976,8.1,2h 1m,/title/tt0074958/?ref_=chttp_t_229,"https://m.media-amazon.com/images/M/MV5BNzY0NjU5ODUtOTAzMC00NTU5LWJkZjctYWMyOWY2MTZmOWM1XkEyXkFqcGdeQXVyMTI3ODAyMzE2._V1_QL75_UX140_CR0,3,140,207_.jpg"
. Pirates of the Caribbean: The Curse of the Black Pearl,2003,8.1,2h 23m,/title/tt0325980/?ref_=chttp_t_230,"https://m.media-amazon.com/images/M/MV5BNGYyZGM5MGMtYTY2Ni00M2Y1LWIzNjQtYWUzM2VlNGVhMDNhXkEyXkFqcGdeQXVyMTMxODk2OTU@._V1_QL75_UX140_CR0,1,140,207_.jpg"
. Stand by Me,1986,8.1,1h 29m,/title/tt0092005/?ref_=chttp_t_231,"https://m.media-amazon.com/images/M/MV5BODJmY2Y2OGQtMDg2My00N2Q3LWJmZTUtYTc2ODBjZDVlNDlhXkEyXkFqcGdeQXVyMTQxNzMzNDI@._V1_QL75_UX140_CR0,6,140,207_.jpg"
. The Wizard of Oz,1939,8.1,1h 42m,/title/tt0032138/?ref_=chttp_t_232,"https://m.media-amazon.com/images/M/MV5BY2NjNDU1ZjctN2VhZi00Nzc5LTljNmItMTZiOTg1ODkwYjgwXkEyXkFqcGdeQXVyNTkxMzEwMzU@._V1_QL75_UX140_CR0,3,140,207_.jpg"
. The Incredibles,2004,8.0,1h 55m,/title/tt0317705/?ref_=chttp_t_233,"https://m.media-amazon.com/images/M/MV5BMTY5OTU0OTc2NV5BMl5BanBnXkFtZTcwMzU4MDcyMQ@@._V1_QL75_UX140_CR0,0,140,207_.jpg"
. Into the Wild,2007,8.1,2h 28m,/title/tt0758758/?ref_=chttp_t_234,"https://m.media-amazon.com/images/M/MV5BNjQ0ODlhMWUtNmUwMS00YjExLWI4MjQtNjVmMmE2Y2E0MGRmXkEyXkFqcGdeQXVyNDk3NzU2MTQ@._V1_QL75_UY207_CR0,0,140,207_.jpg"
. Hachi: A Dog's Tale,2009,8.1,1h 33m,/title/tt1028532/?ref_=chttp_t_235,"https://m.media-amazon.com/images/M/MV5BYmQzYjgyYzEtOTVhZC00MDRkLWJjNjItYzU3N2RiMTExZjA1XkEyXkFqcGdeQXVyMTcwOTQzOTYy._V1_QL75_UX140_CR0,0,140,207_.jpg"
. Ah-ga-ssi,2016,8.1,2h 25m,/title/tt4016934/?ref_=chttp_t_236,"https://m.media-amazon.com/images/M/MV5BNDJhYTk2MTctZmVmOS00OTViLTgxNjQtMzQxOTRiMDdmNGRjXkEyXkFqcGdeQXVyMTMxODk2OTU@._V1_QL75_UY207_CR2,0,140,207_.jpg"
. Babam ve Oglum,2005,8.2,1h 52m,/title/tt0476735/?ref_=chttp_t_237,"https://m.media-amazon.com/images/M/MV5BNzEzMWYyYjEtNmVjZS00YTAyLWIyOTgtMzEzNzQxMTQzZTgwXkEyXkFqcGdeQXVyMTA0MTM5NjI2._V1_QL75_UX140_CR0,1,140,207_.jpg"
. To Be or Not to Be,1942,8.1,1h 39m,/title/tt0035446/?ref_=chttp_t_238,"https://m.media-amazon.com/images/M/MV5BYTIwNDcyMjktMTczMy00NDM5LTlhNDEtMmE3NGVjOTM2YjQ3XkEyXkFqcGdeQXVyNjc0MzMzNjA@._V1_QL75_UX140_CR0,1,140,207_.jpg"
. The Sound of Music,1965,8.1,2h 52m,/title/tt0059742/?ref_=chttp_t_239,"https://m.media-amazon.com/images/M/MV5BYThiZTY5MTAtODgwNS00OGNjLThjYzItOTcxYmYxMGY5MzBjXkEyXkFqcGdeQXVyNjc5NjEzNA@@._V1_QL75_UX140_CR0,1,140,207_.jpg"
. La battaglia di Algeri,1966,8.1,2h 1m,/title/tt0058946/?ref_=chttp_t_240,"https://m.media-amazon.com/images/M/MV5BN2M4YTA4ZTEtN2EyNy00YTlmLWE4YzYtYjYyYjRkMWM4ZDM0XkEyXkFqcGdeQXVyMjUzOTY1NTc@._V1_QL75_UX140_CR0,3,140,207_.jpg"
. The Grapes of Wrath,1940,8.1,2h 9m,/title/tt0032551/?ref_=chttp_t_241,"https://m.media-amazon.com/images/M/MV5BNzJiOGI2MjctYjUyMS00ZjkzLWE2ZmUtOTg4NTZkOTNhZDc1L2ltYWdlXkEyXkFqcGdeQXVyNjc1NTYyMjg@._V1_QL75_UX140_CR0,0,140,207_.jpg"
. Groundhog Day,1993,8.0,1h 41m,/title/tt0107048/?ref_=chttp_t_242,"https://m.media-amazon.com/images/M/MV5BZWIxNzM5YzQtY2FmMS00Yjc3LWI1ZjUtNGVjMjMzZTIxZTIxXkEyXkFqcGdeQXVyNjU0OTQ0OTY@._V1_QL75_UX140_CR0,0,140,207_.jpg"
. Amores perros,2000,8.1,2h 34m,/title/tt0245712/?ref_=chttp_t_243,"https://m.media-amazon.com/images/M/MV5BZjUxNmEwOGItMTBmYi00MWQ1LWExY2MtNDUxMjI0OWM4M2NiXkEyXkFqcGdeQXVyMjUzOTY1NTc@._V1_QL75_UX140_CR0,1,140,207_.jpg"
. Rebecca,1940,8.1,2h 10m,/title/tt0032976/?ref_=chttp_t_244,"https://m.media-amazon.com/images/M/MV5BYTcxYWExOTMtMWFmYy00ZjgzLWI0YjktNWEzYzJkZTg0NDdmL2ltYWdlXkEyXkFqcGdeQXVyNjc1NTYyMjg@._V1_QL75_UY207_CR2,0,140,207_.jpg"
. Cool Hand Luke,1967,8.1,2h 7m,/title/tt0061512/?ref_=chttp_t_245,"https://m.media-amazon.com/images/M/MV5BNjcwNTQ3Y2EtMjdmZi00ODBhLWFhNzQtOTc3MWU5NTZlMDViXkEyXkFqcGdeQXVyMjUzOTY1NTc@._V1_QL75_UX140_CR0,4,140,207_.jpg"
. The Iron Giant,1999,8.1,1h 26m,/title/tt0129167/?ref_=chttp_t_246,"https://m.media-amazon.com/images/M/MV5BYzBjZTNkMzQtZmNkOC00Yzk0LTljMjktZjk3YWVlZjY3NTk2XkEyXkFqcGdeQXVyMTUzMDUzNTI3._V1_QL75_UX140_CR0,0,140,207_.jpg"
. The Help,2011,8.1,2h 26m,/title/tt1454029/?ref_=chttp_t_247,"https://m.media-amazon.com/images/M/MV5BMTM5OTMyMjIxOV5BMl5BanBnXkFtZTcwNzU4MjIwNQ@@._V1_QL75_UX140_CR0,0,140,207_.jpg"
. It Happened One Night,1934,8.1,1h 45m,/title/tt0025316/?ref_=chttp_t_248,"https://m.media-amazon.com/images/M/MV5BMDg5MmEwZjItODllOS00Yjc4LTk3NzItZWY4ODFlODQzZjJlXkEyXkFqcGdeQXVyNjc5NjEzNA@@._V1_QL75_UX140_CR0,1,140,207_.jpg"
. Les quatre cents coups,1959,8.1,1h 39m,/title/tt0053198/?ref_=chttp_t_249,"https://m.media-amazon.com/images/M/MV5BYTQ4MjA4NmYtYjRhNi00MTEwLTg0NjgtNjk3ODJlZGU4NjRkL2ltYWdlL2ltYWdlXkEyXkFqcGdeQXVyNjU0OTQ0OTY@._V1_QL75_UY207_CR8,0,140,207_.jpg"
. Dances with Wolves,1990,8.0,3h 1m,/title/tt0099348/?ref_=chttp_t_250,"https://m.media-amazon.com/images/M/MV5BMTY3OTI5NDczN15BMl5BanBnXkFtZTcwNDA0NDY3Mw@@._V1_QL75_UX140_CR0,1,140,207_.jpg"
